first_name,last_name,email,is_admin,phone_numbers
Test,Block,clemmie.buckridge@example.net,0,"12482548088, 0774952178"
Stephen,Emmerich,krajcik.hannah@example.net,0,"12482548088, (785) 296-0783"
Jessika,Klein,trace18@example.org,0,"12482548088, (785) 296-0783"
Roscoe,Heathcote,legros.hallie@example.com,0,(515) 555-8244
Darlene,Gutkowski,goyette.thalia@example.org,0
Clementine,Erdman,jack.cremin@example.org,0
Donnell,Kerluke,kian59@example.com,0
Nikki,Cassin,angel70@example.net,0
Brandi,Stiedemann,vlehner@example.net,0
Elva,Hammes,deckow.gabriella@example.org,0
Eva,Runte,bernice61@example.org,0
Sheila,Denesik,jocelyn.jakubowski@example.net,0
Amy,Trantow,bernadine.littel@example.com,0
Terry,Satterfield,kristopher84@example.com,0
Elwyn,Graham,bernardo.king@example.org,0
Ada,Kulas,akub@example.net,0
Margaretta,Waters,nels16@example.org,0
Berneice,O'Hara,hoeger.nicolette@example.net,0
Melyna,Torphy,daron67@example.net,0
Teresa,Krajcik,kristoffer.pfeffer@example.net,0
Jennie,Morar,idella.little@example.com,0
Emerson,Watsica,colten.batz@example.net,0
Chyna,Stoltenberg,nathanial.white@example.net,0
Eve,Lueilwitz,april55@example.net,0
Jacynthe,Hessel,linnie15@example.com,0
Braden,Moore,cortney36@example.org,0
Joana,Cremin,becker.gaston@example.com,0
Evelyn,Weber,trycia26@example.net,0
Fanny,Hirthe,giovanni.spinka@example.net,0
Delphia,Kub,uhowe@example.org,0
Johathan,Prohaska,norris43@example.net,0
Camylle,Lesch,lbogan@example.org,0
Magdalena,Turner,laron21@example.net,0
Sherwood,Reilly,mattie11@example.org,0
Audrey,Hamill,mmitchell@example.net,0
Hyman,Armstrong,okey61@example.org,0
Deja,Bergnaum,marjolaine88@example.com,0
Sadye,Grimes,savion.buckridge@example.net,0
Tania,Boyle,sdenesik@example.org,0
Zechariah,Hermiston,stevie.oreilly@example.net,0
Christine,Zemlak,raven42@example.net,0
Scarlett,Klocko,jacques09@example.org,0
Pamela,Kutch,heidi.ritchie@example.net,0
Kiarra,Volkman,deangelo.kris@example.org,0
Audrey,Stracke,kariane.ohara@example.com,0
Della,Stehr,abeer@example.com,0
Jordyn,Reichert,hamill.nyasia@example.org,0
Jailyn,Simonis,astark@example.org,0
Annamarie,Davis,kgerhold@example.net,0
Jennings,Beier,kenton.simonis@example.org,0
Vickie,Ledner,sister.steuber@example.org,0
Maximus,Gutkowski,kassandra.fisher@example.org,0
Jameson,Muller,zakary.sanford@example.com,0
Sadye,Runolfsson,cummerata.otho@example.net,0
Garnet,Cole,kilback.alessandro@example.com,0
Hugh,Schulist,gorczany.jacklyn@example.com,0
Anjali,Wisoky,rau.rhett@example.com,0
Isaias,Kris,cfay@example.com,0
Torrance,Reynolds,pfannerstill.terrence@example.com,0
Bernice,Christiansen,oprohaska@example.com,0
Amy,Murray,jacquelyn.deckow@example.net,0
Gracie,Pouros,bednar.myrtis@example.org,0
Mittie,Smith,brian.renner@example.net,0
Clarissa,Kling,josie08@example.net,0
Jerel,Miller,consuelo59@example.com,0
Sonya,Stehr,lisa86@example.com,0
Dominic,Gislason,gwelch@example.org,0
Mohammad,Becker,bhills@example.org,0
Jerome,Fahey,margie.bradtke@example.org,0
Herminio,Braun,feeney.samson@example.com,0
Clifton,Veum,gloria93@example.net,0
Cleora,Brown,therese.carroll@example.com,0
Abigayle,Sanford,ivy39@example.net,0
Helena,Bruen,marcelle51@example.net,0
Emmanuel,Purdy,earline.heidenreich@example.com,0
Alexis,Keebler,lilla59@example.net,0
Vella,Baumbach,mante.astrid@example.net,0
Estrella,O'Keefe,lang.marilyne@example.org,0
Hershel,Orn,bo97@example.org,0
Raphael,Kunde,jack52@example.net,0
Zetta,Leuschke,peyton.batz@example.com,0
Bennie,Gaylord,blegros@example.org,0
Nannie,Bartell,mcglynn.rachael@example.net,0
Andy,Lakin,kris.chanel@example.com,0
Sienna,Cummerata,pmurray@example.org,0
Lorenz,Dibbert,vmertz@example.com,0
Rusty,Halvorson,karolann.oreilly@example.net,0
Lucile,Runolfsdottir,spaucek@example.net,0
Lenny,Batz,mozell.leannon@example.com,0
Raoul,Rempel,kara.braun@example.com,0
Rebeka,Greenfelder,cheyenne30@example.org,0
Mossie,O'Reilly,dkovacek@example.org,0
Jessika,Osinski,mozell10@example.com,0
Dewayne,Huel,gabe.stiedemann@example.com,0
Danny,Ondricka,tiana03@example.net,0
Nina,Treutel,dubuque.marisol@example.com,0
Haven,Hintz,bryce99@example.net,0
Kirk,Terry,cbotsford@example.com,0
Jeramy,Goldner,trantow.josue@example.org,0
Elva,Koelpin,jstehr@example.com,0
